20251201	경북대학교 탄소중립 지능형에너지시스템 지역혁신 선도연구센터	0	0	0	0	0	0
20251211	경북대학교 탄소중립 지능형에너지시스템 지역혁신 선도연구센터	0	0	0	0	0	0
20251221	경북대학교 탄소중립 지능형에너지시스템 지역혁신 선도연구센터	0	0	0	0	0	0
20260101	경북대학교 탄소중립 지능형에너지시스템 지역혁신 선도연구센터	0	0	0	0	0	0
20260111	경북대학교 탄소중립 지능형에너지시스템 지역혁신 선도연구센터	0	0	0	0	0	0
20260121	경북대학교 탄소중립 지능형에너지시스템 지역혁신 선도연구센터	0	0	0	0	0	0
20260201	경북대학교 탄소중립 지능형에너지시스템 지역혁신 선도연구센터	0	0	0	0	0	0
20260211	경북대학교 탄소중립 지능형에너지시스템 지역혁신 선도연구센터	0	0	0	0	0	0
20260221	경북대학교 탄소중립 지능형에너지시스템 지역혁신 선도연구센터	0	0	0	0	0	0
20260301	경북대학교 탄소중립 지능형에너지시스템 지역혁신 선도연구센터	0	0	0	0	0	0
20260311	경북대학교 탄소중립 지능형에너지시스템 지역혁신 선도연구센터	0	0	0	0	0	0
20260321	경북대학교 탄소중립 지능형에너지시스템 지역혁신 선도연구센터	0	0	0	0	0	0
20260401	경북대학교 탄소중립 지능형에너지시스템 지역혁신 선도연구센터	0	0	0	0	0	0
20260404	경북대학교 탄소중립 지능형에너지시스템 지역혁신 선도연구센터	0	0	0	0	0	0
20260411	경북대학교 탄소중립 지능형에너지시스템 지역혁신 선도연구센터	0	0	0	0	0	0
20260421	경북대학교 탄소중립 지능형에너지시스템 지역혁신 선도연구센터	0	0	0	0	0	0
20260501	경북대학교 탄소중립 지능형에너지시스템 지역혁신 선도연구센터	0	0	0	0	0	0
20260511	경북대학교 탄소중립 지능형에너지시스템 지역혁신 선도연구센터	0	0	0	0	0	0
20260521	경북대학교 탄소중립 지능형에너지시스템 지역혁신 선도연구센터	0	0	0	0	0	0
20260601	경북대학교 탄소중립 지능형에너지시스템 지역혁신 선도연구센터	0	0	0	0	0	0
20260621	경북대학교 탄소중립 지능형에너지시스템 지역혁신 선도연구센터	0	0	0	0	0	0
20260701	경북대학교 탄소중립 지능형에너지시스템 지역혁신 선도연구센터	0	0	0	0	0	0
20260711	경북대학교 탄소중립 지능형에너지시스템 지역혁신 선도연구센터	0	0	0	0	0	0
20260721	경북대학교 탄소중립 지능형에너지시스템 지역혁신 선도연구센터	0	0	0	0	0	0
20260801	경북대학교 탄소중립 지능형에너지시스템 지역혁신 선도연구센터	0	0	0	0	0	0
