20251201	국립창원대학교첨단나노과학기술연구소	0	0	0	0	0	0
20251211	국립창원대학교첨단나노과학기술연구소	0	0	0	0	0	0
20251221	국립창원대학교첨단나노과학기술연구소	0	0	0	0	0	0
20260101	국립창원대학교첨단나노과학기술연구소	0	0	0	0	0	0
20260111	국립창원대학교첨단나노과학기술연구소	0	0	0	0	0	0
20260121	국립창원대학교첨단나노과학기술연구소	0	0	0	0	0	0
20260201	국립창원대학교첨단나노과학기술연구소	0	0	0	0	0	0
20260211	국립창원대학교첨단나노과학기술연구소	0	0	0	0	0	0
20260221	국립창원대학교첨단나노과학기술연구소	0	0	0	0	0	0
20260301	국립창원대학교첨단나노과학기술연구소	0	0	0	0	0	0
20260311	국립창원대학교첨단나노과학기술연구소	0	0	0	0	0	0
20260321	국립창원대학교첨단나노과학기술연구소	0	0	1	1	1	1
20260401	국립창원대학교첨단나노과학기술연구소	0	0	1	1	1	1
20260404	국립창원대학교첨단나노과학기술연구소	0	0	1	1	1	1
20260411	국립창원대학교첨단나노과학기술연구소	0	0	1	1	1	1
20260421	국립창원대학교첨단나노과학기술연구소	0	0	1	1	1	1
20260501	국립창원대학교첨단나노과학기술연구소	0	0	1	1	1	1
20260511	국립창원대학교첨단나노과학기술연구소	0	0	1	1	1	1
20260521	국립창원대학교첨단나노과학기술연구소	0	0	1	1	1	1
20260601	국립창원대학교첨단나노과학기술연구소	0	0	1	1	1	1
20260621	국립창원대학교첨단나노과학기술연구소	0	0	1	1	1	1
20260701	국립창원대학교첨단나노과학기술연구소	0	0	1	1	1	1
