20230826	배재대학교대학원	0	0	0	0	0	0
20230904	배재대학교대학원	0	0	0	0	0	0
20230911	배재대학교대학원	0	0	0	0	0	0
20230921	배재대학교대학원	0	0	0	0	0	0
20231001	배재대학교대학원	0	0	0	0	0	0
20231011	배재대학교대학원	0	0	0	0	0	0
20231021	배재대학교대학원	0	0	0	0	0	0
20231101	배재대학교대학원	0	0	0	0	0	0
20231111	배재대학교대학원	0	0	0	0	0	0
20231121	배재대학교대학원	0	0	0	0	0	0
20231201	배재대학교대학원	0	0	0	0	0	0
20231211	배재대학교대학원	0	0	0	0	0	0
20231221	배재대학교대학원	0	0	0	0	0	0
20240101	배재대학교대학원	0	0	0	0	0	0
20240111	배재대학교대학원	0	0	0	0	0	0
20240121	배재대학교대학원	0	0	0	0	0	0
20240201	배재대학교대학원	0	0	0	0	0	0
20240211	배재대학교대학원	0	0	0	0	0	0
20240221	배재대학교대학원	0	0	0	0	0	0
20240301	배재대학교대학원	0	0	0	0	0	0
20240311	배재대학교대학원	0	0	0	0	0	0
20240321	배재대학교대학원	0	0	0	0	0	0
20240401	배재대학교대학원	0	0	0	0	0	0
20240411	배재대학교대학원	0	0	0	0	0	0
20240421	배재대학교대학원	0	0	0	0	0	0
20240501	배재대학교대학원	0	0	0	0	0	0
20240511	배재대학교대학원	0	0	0	0	0	0
20240521	배재대학교대학원	0	0	0	0	0	0
20240601	배재대학교대학원	0	0	0	0	0	0
20240611	배재대학교대학원	0	0	0	0	0	0
20240621	배재대학교대학원	0	0	0	0	0	0
20240624	배재대학교대학원	0	0	0	0	0	0
20240624	배재대학교대학원	0	0	0	0	0	0
20240701	배재대학교대학원	0	0	0	0	0	0
20240711	배재대학교대학원	0	0	0	0	0	0
20240721	배재대학교대학원	0	0	0	0	0	0
20240801	배재대학교대학원	0	0	0	0	0	0
20240811	배재대학교대학원	0	0	0	0	0	0
20240821	배재대학교대학원	0	0	0	0	0	0
20240901	배재대학교대학원	0	0	0	0	0	0
20240911	배재대학교대학원	0	0	0	0	0	0
20240921	배재대학교대학원	0	0	0	0	0	0
20241001	배재대학교대학원	0	0	0	0	0	0
20241011	배재대학교대학원	0	0	0	0	0	0
20241021	배재대학교대학원	0	0	0	0	0	0
20241101	배재대학교대학원	0	0	0	0	0	0
20241111	배재대학교대학원	0	0	0	0	0	0
20241121	배재대학교대학원	0	0	0	0	0	0
20241201	배재대학교대학원	0	0	0	0	0	0
20241211	배재대학교대학원	0	0	0	0	0	0
20241221	배재대학교대학원	0	0	0	0	0	0
20250101	배재대학교대학원	0	0	0	0	0	0
20250101	배재대학교대학원	0	0	0	0	0	0
20250111	배재대학교대학원	0	0	0	0	0	0
20250121	배재대학교대학원	0	0	0	0	0	0
20250201	배재대학교대학원	0	0	0	0	0	0
