20251201	서강대학교 나노물질연구소	0	0	0	0	0	0
20251211	서강대학교 나노물질연구소	0	0	0	0	0	0
20251221	서강대학교 나노물질연구소	0	0	0	0	0	0
20260101	서강대학교 나노물질연구소	0	0	0	0	0	0
20260111	서강대학교 나노물질연구소	0	0	0	0	0	0
20260121	서강대학교 나노물질연구소	0	0	0	0	0	0
20260201	서강대학교 나노물질연구소	0	0	0	0	0	0
20260211	서강대학교 나노물질연구소	0	0	0	0	0	0
20260221	서강대학교 나노물질연구소	0	0	0	0	0	0
20260301	서강대학교 나노물질연구소	0	0	0	0	0	0
20260311	서강대학교 나노물질연구소	0	0	0	0	0	0
20260321	서강대학교 나노물질연구소	0	0	0	0	0	0
20260401	서강대학교 나노물질연구소	0	0	0	0	0	0
20260404	서강대학교 나노물질연구소	0	0	0	0	0	0
20260411	서강대학교 나노물질연구소	0	0	0	0	0	0
20260421	서강대학교 나노물질연구소	0	0	0	0	0	0
20260501	서강대학교 나노물질연구소	0	0	0	0	0	0
20260511	서강대학교 나노물질연구소	0	0	0	0	0	0
20260521	서강대학교 나노물질연구소	0	0	0	0	0	0
20260601	서강대학교 나노물질연구소	0	0	0	0	0	0
20260621	서강대학교 나노물질연구소	0	0	0	0	0	0
20260701	서강대학교 나노물질연구소	0	0	0	0	0	0
20260711	서강대학교 나노물질연구소	0	0	0	0	0	0
20260721	서강대학교 나노물질연구소	0	0	0	0	0	0
20260801	서강대학교 나노물질연구소	0	0	0	0	0	0
20260811	서강대학교 나노물질연구소	0	0	0	0	0	0
20260828	서강대학교 나노물질연구소	0	0	0	0	0	0
