20251201	아이큐어 Global R&D Center	0	0	0	0	0	0
20251211	아이큐어 Global R&D Center	0	0	0	0	0	0
20251221	아이큐어 Global R&D Center	0	0	0	0	0	0
20260101	아이큐어 Global R&D Center	0	0	0	0	0	0
20260111	아이큐어 Global R&D Center	0	0	0	0	0	0
20260121	아이큐어 Global R&D Center	0	0	0	0	0	0
20260201	아이큐어 Global R&D Center	0	0	0	0	0	0
20260211	아이큐어 Global R&D Center	0	0	0	0	0	0
20260221	아이큐어 Global R&D Center	0	0	0	0	0	0
20260301	아이큐어 Global R&D Center	0	0	0	0	0	0
20260311	아이큐어 Global R&D Center	0	0	0	0	0	0
20260321	아이큐어 Global R&D Center	0	0	0	0	0	0
20260401	아이큐어 Global R&D Center	0	0	0	0	0	0
20260404	아이큐어 Global R&D Center	0	0	0	0	0	0
20260411	아이큐어 Global R&D Center	0	0	0	0	0	0
20260421	아이큐어 Global R&D Center	0	0	0	0	0	0
20260501	아이큐어 Global R&D Center	0	0	0	0	0	0
20260511	아이큐어 Global R&D Center	0	0	0	0	0	0
20260521	아이큐어 Global R&D Center	0	0	0	0	0	0
