20250501	애니포인트미디어(주) Ad-Tech Research Center	0	0	0	0	0	0
20250511	애니포인트미디어(주) Ad-Tech Research Center	0	0	0	0	0	0
20250521	애니포인트미디어(주) Ad-Tech Research Center	0	0	0	0	0	0
20250601	애니포인트미디어(주) Ad-Tech Research Center	0	0	0	0	0	0
20250611	애니포인트미디어(주) Ad-Tech Research Center	0	0	0	0	0	0
20250621	애니포인트미디어(주) Ad-Tech Research Center	0	0	0	0	0	0
20250701	애니포인트미디어(주) Ad-Tech Research Center	0	0	0	0	0	0
20250711	애니포인트미디어(주) Ad-Tech Research Center	0	0	0	0	0	0
20250721	애니포인트미디어(주) Ad-Tech Research Center	0	0	0	0	0	0
20250801	애니포인트미디어(주) Ad-Tech Research Center	0	0	0	0	0	0
20250811	애니포인트미디어(주) Ad-Tech Research Center	0	0	0	0	0	0
20250821	애니포인트미디어(주) Ad-Tech Research Center	0	0	0	0	0	0
20250901	애니포인트미디어(주) Ad-Tech Research Center	0	0	0	0	0	0
20250911	애니포인트미디어(주) Ad-Tech Research Center	0	0	0	0	0	0
20250921	애니포인트미디어(주) Ad-Tech Research Center	0	0	0	0	0	0
20251001	애니포인트미디어(주) Ad-Tech Research Center	0	0	0	0	0	0
20251011	애니포인트미디어(주) Ad-Tech Research Center	0	0	0	0	0	0
20251021	애니포인트미디어(주) Ad-Tech Research Center	0	0	0	0	0	0
20251101	애니포인트미디어(주) Ad-Tech Research Center	0	0	0	0	0	0
20251111	애니포인트미디어(주) Ad-Tech Research Center	0	0	0	0	0	0
20251121	애니포인트미디어(주) Ad-Tech Research Center	0	0	0	0	0	0
20251201	애니포인트미디어(주) Ad-Tech Research Center	0	0	0	0	0	0
20251211	애니포인트미디어(주) Ad-Tech Research Center	0	0	0	0	0	0
20251221	애니포인트미디어(주) Ad-Tech Research Center	0	0	0	0	0	0
20260101	애니포인트미디어(주) Ad-Tech Research Center	0	0	0	0	0	0
20260111	애니포인트미디어(주) Ad-Tech Research Center	0	0	0	0	0	0
20260121	애니포인트미디어(주) Ad-Tech Research Center	0	0	0	0	0	0
20260201	애니포인트미디어(주) Ad-Tech Research Center	0	0	0	0	0	0
20260211	애니포인트미디어(주) Ad-Tech Research Center	0	0	0	0	0	0
20260221	애니포인트미디어(주) Ad-Tech Research Center	0	0	0	0	0	0
20260301	애니포인트미디어(주) Ad-Tech Research Center	0	0	0	0	0	0
20260311	애니포인트미디어(주) Ad-Tech Research Center	0	0	0	0	0	0
20260321	애니포인트미디어(주) Ad-Tech Research Center	0	0	0	0	0	0
20260401	애니포인트미디어(주) Ad-Tech Research Center	0	0	0	0	0	0
20260404	애니포인트미디어(주) Ad-Tech Research Center	0	0	0	0	0	0
20260411	애니포인트미디어(주) Ad-Tech Research Center	0	0	0	0	0	0
20260421	애니포인트미디어(주) Ad-Tech Research Center	0	0	0	0	0	0
20260501	애니포인트미디어(주) Ad-Tech Research Center	0	0	0	0	0	0
20260511	애니포인트미디어(주) Ad-Tech Research Center	0	0	0	0	0	0
20260521	애니포인트미디어(주) Ad-Tech Research Center	0	0	0	0	0	0
20260601	애니포인트미디어(주) Ad-Tech Research Center	0	0	0	0	0	0
20260621	애니포인트미디어(주) Ad-Tech Research Center	0	0	0	0	0	0
20260701	애니포인트미디어(주) Ad-Tech Research Center	0	0	0	0	0	0
20260711	애니포인트미디어(주) Ad-Tech Research Center	0	0	0	0	0	0
20260721	애니포인트미디어(주) Ad-Tech Research Center	0	0	0	0	0	0
