20260501	에스엔디스플레이(주) 기업부설연구소	0	0	0	0	0	0
20260511	에스엔디스플레이(주) 기업부설연구소	0	0	0	0	0	0
20260521	에스엔디스플레이(주) 기업부설연구소	0	0	0	0	0	0
20260601	에스엔디스플레이(주) 기업부설연구소	0	0	0	0	0	0
20260621	에스엔디스플레이(주) 기업부설연구소	0	0	0	0	0	0
20260701	에스엔디스플레이(주) 기업부설연구소	0	0	0	0	0	0
20260711	에스엔디스플레이(주) 기업부설연구소	0	0	0	0	0	0
20260721	에스엔디스플레이(주) 기업부설연구소	0	0	0	0	0	0
20260801	에스엔디스플레이(주) 기업부설연구소	0	0	0	0	0	0
20260811	에스엔디스플레이(주) 기업부설연구소	0	0	0	0	0	0
20260828	에스엔디스플레이(주) 기업부설연구소	0	0	0	0	0	0
20260901	에스엔디스플레이(주) 기업부설연구소	0	0	0	0	0	0
20260911	에스엔디스플레이(주) 기업부설연구소	0	0	0	0	0	0
