20250901	와이엠티(주) 기업부설연구소	0	0	0	2	0	2
20250911	와이엠티(주) 기업부설연구소	0	0	0	2	0	2
20250921	와이엠티(주) 기업부설연구소	0	0	0	2	0	2
20251001	와이엠티(주) 기업부설연구소	0	0	0	2	0	2
20251011	와이엠티(주) 기업부설연구소	0	0	0	1	0	1
20251021	와이엠티(주) 기업부설연구소	0	0	0	1	0	1
20251101	와이엠티(주) 기업부설연구소	0	0	0	1	0	1
20251111	와이엠티(주) 기업부설연구소	0	0	0	1	0	1
20251121	와이엠티(주) 기업부설연구소	0	0	0	1	0	1
20251201	와이엠티(주) 기업부설연구소	0	0	0	1	0	1
20251211	와이엠티(주) 기업부설연구소	0	0	0	1	0	1
20251221	와이엠티(주) 기업부설연구소	0	0	0	1	0	1
20260101	와이엠티(주) 기업부설연구소	0	0	0	1	0	1
20260111	와이엠티(주) 기업부설연구소	0	0	0	1	0	1
20260121	와이엠티(주) 기업부설연구소	0	0	0	1	0	1
20260201	와이엠티(주) 기업부설연구소	0	0	0	1	0	1
20260211	와이엠티(주) 기업부설연구소	0	0	0	1	0	1
20260221	와이엠티(주) 기업부설연구소	0	0	0	1	0	1
20260301	와이엠티(주) 기업부설연구소	0	0	0	1	0	1
20260311	와이엠티(주) 기업부설연구소	0	0	0	1	0	1
20260321	와이엠티(주) 기업부설연구소	0	0	0	1	0	1
20260401	와이엠티(주) 기업부설연구소	0	0	0	1	0	1
20260404	와이엠티(주) 기업부설연구소	0	0	0	1	0	1
20260411	와이엠티(주) 기업부설연구소	0	0	0	1	0	1
20260421	와이엠티(주) 기업부설연구소	0	0	0	1	0	1
20260501	와이엠티(주) 기업부설연구소	0	0	0	1	0	1
20260511	와이엠티(주) 기업부설연구소	0	0	0	1	0	1
20260521	와이엠티(주) 기업부설연구소	0	0	0	1	0	1
20260601	와이엠티(주) 기업부설연구소	0	0	0	1	0	1
20260621	와이엠티(주) 기업부설연구소	0	0	0	1	0	1
20260701	와이엠티(주) 기업부설연구소	0	0	0	1	0	1
20260711	와이엠티(주) 기업부설연구소	0	0	0	1	0	1
20260721	와이엠티(주) 기업부설연구소	0	0	0	1	0	1
20260801	와이엠티(주) 기업부설연구소	0	0	0	1	0	1
20260811	와이엠티(주) 기업부설연구소	0	0	0	1	0	1
