20250501	우나스텔라(주) 기업부설연구소	0	0	0	0	0	0
20250511	우나스텔라(주) 기업부설연구소	0	0	0	0	0	0
20250521	우나스텔라(주) 기업부설연구소	0	0	0	0	0	0
20250601	우나스텔라(주) 기업부설연구소	0	0	0	0	0	0
20250611	우나스텔라(주) 기업부설연구소	0	0	0	0	0	0
20250621	우나스텔라(주) 기업부설연구소	0	0	0	0	0	0
20250701	우나스텔라(주) 기업부설연구소	0	0	0	0	0	0
20250711	우나스텔라(주) 기업부설연구소	0	0	0	0	0	0
20250721	우나스텔라(주) 기업부설연구소	1	1	0	0	1	1
20250801	우나스텔라(주) 기업부설연구소	1	1	0	0	1	1
20250811	우나스텔라(주) 기업부설연구소	1	1	0	0	1	1
20250821	우나스텔라(주) 기업부설연구소	1	1	0	0	1	1
20250901	우나스텔라(주) 기업부설연구소	1	1	0	0	1	1
20250911	우나스텔라(주) 기업부설연구소	1	1	0	0	1	1
20250921	우나스텔라(주) 기업부설연구소	1	1	0	0	1	1
20251001	우나스텔라(주) 기업부설연구소	1	1	0	0	1	1
20251011	우나스텔라(주) 기업부설연구소	1	1	0	0	1	1
20251021	우나스텔라(주) 기업부설연구소	1	1	0	0	1	1
20251101	우나스텔라(주) 기업부설연구소	1	1	0	0	1	1
20251111	우나스텔라(주) 기업부설연구소	1	1	0	0	1	1
20251121	우나스텔라(주) 기업부설연구소	1	1	0	0	1	1
20251201	우나스텔라(주) 기업부설연구소	1	1	0	0	1	1
20251211	우나스텔라(주) 기업부설연구소	1	1	0	0	1	1
20251221	우나스텔라(주) 기업부설연구소	1	1	0	0	1	1
20260101	우나스텔라(주) 기업부설연구소	0	1	0	0	0	1
20260111	우나스텔라(주) 기업부설연구소	0	1	0	0	0	1
20260121	우나스텔라(주) 기업부설연구소	0	1	0	0	0	1
20260201	우나스텔라(주) 기업부설연구소	0	1	0	0	0	1
20260211	우나스텔라(주) 기업부설연구소	0	1	0	0	0	1
20260221	우나스텔라(주) 기업부설연구소	0	1	0	0	0	1
20260301	우나스텔라(주) 기업부설연구소	0	1	0	0	0	1
20260311	우나스텔라(주) 기업부설연구소	0	1	1	1	1	2
20260321	우나스텔라(주) 기업부설연구소	0	1	1	1	1	2
20260401	우나스텔라(주) 기업부설연구소	0	1	1	1	1	2
20260404	우나스텔라(주) 기업부설연구소	0	1	1	1	1	2
20260411	우나스텔라(주) 기업부설연구소	0	1	1	1	1	2
20260421	우나스텔라(주) 기업부설연구소	0	1	1	1	1	2
20260501	우나스텔라(주) 기업부설연구소	0	1	1	1	1	2
20260511	우나스텔라(주) 기업부설연구소	0	1	1	1	1	2
20260521	우나스텔라(주) 기업부설연구소	0	0	1	1	1	1
20260601	우나스텔라(주) 기업부설연구소	0	0	1	1	1	1
20260621	우나스텔라(주) 기업부설연구소	0	0	1	1	1	1
20260701	우나스텔라(주) 기업부설연구소	0	0	1	1	1	1
20260711	우나스텔라(주) 기업부설연구소	0	0	1	1	1	1
20260721	우나스텔라(주) 기업부설연구소	0	0	1	1	1	1
20260801	우나스텔라(주) 기업부설연구소	0	0	1	1	1	1
20260811	우나스텔라(주) 기업부설연구소	0	0	1	1	1	1
20260828	우나스텔라(주) 기업부설연구소	0	0	1	1	1	1
