20241201	(주)다안바이오테라퓨틱스 기업부설연구소	0	0	0	0	0	0
20241211	(주)다안바이오테라퓨틱스 기업부설연구소	0	0	0	0	0	0
20241221	(주)다안바이오테라퓨틱스 기업부설연구소	0	0	0	0	0	0
20250101	(주)다안바이오테라퓨틱스 기업부설연구소	0	0	0	0	0	0
20250101	(주)다안바이오테라퓨틱스 기업부설연구소	0	0	0	0	0	0
20250111	(주)다안바이오테라퓨틱스 기업부설연구소	0	0	0	0	0	0
20250121	(주)다안바이오테라퓨틱스 기업부설연구소	0	0	0	0	0	0
20250201	(주)다안바이오테라퓨틱스 기업부설연구소	0	0	0	0	0	0
20250211	(주)다안바이오테라퓨틱스 기업부설연구소	0	0	0	0	0	0
20250221	(주)다안바이오테라퓨틱스 기업부설연구소	0	0	0	0	0	0
20250301	(주)다안바이오테라퓨틱스 기업부설연구소	0	0	0	0	0	0
20250311	(주)다안바이오테라퓨틱스 기업부설연구소	0	0	0	0	0	0
20250321	(주)다안바이오테라퓨틱스 기업부설연구소	0	0	0	0	0	0
20250401	(주)다안바이오테라퓨틱스 기업부설연구소	0	0	0	0	0	0
20250411	(주)다안바이오테라퓨틱스 기업부설연구소	0	0	0	0	0	0
20250421	(주)다안바이오테라퓨틱스 기업부설연구소	0	0	1	1	1	1
20250501	(주)다안바이오테라퓨틱스 기업부설연구소	0	0	1	1	1	1
20250511	(주)다안바이오테라퓨틱스 기업부설연구소	0	0	1	1	1	1
20250521	(주)다안바이오테라퓨틱스 기업부설연구소	0	0	1	1	1	1
20250601	(주)다안바이오테라퓨틱스 기업부설연구소	0	0	2	2	2	2
20250611	(주)다안바이오테라퓨틱스 기업부설연구소	0	0	2	2	2	2
20250621	(주)다안바이오테라퓨틱스 기업부설연구소	0	0	2	2	2	2
20250701	(주)다안바이오테라퓨틱스 기업부설연구소	0	0	2	2	2	2
20250711	(주)다안바이오테라퓨틱스 기업부설연구소	0	0	3	3	3	3
20250721	(주)다안바이오테라퓨틱스 기업부설연구소	0	0	3	3	3	3
20250801	(주)다안바이오테라퓨틱스 기업부설연구소	0	0	3	3	3	3
20250811	(주)다안바이오테라퓨틱스 기업부설연구소	0	0	3	3	3	3
20250821	(주)다안바이오테라퓨틱스 기업부설연구소	0	0	3	3	3	3
20250901	(주)다안바이오테라퓨틱스 기업부설연구소	0	0	3	3	3	3
20250911	(주)다안바이오테라퓨틱스 기업부설연구소	0	0	3	3	3	3
20250921	(주)다안바이오테라퓨틱스 기업부설연구소	0	0	3	3	3	3
20251001	(주)다안바이오테라퓨틱스 기업부설연구소	0	0	3	3	3	3
20251011	(주)다안바이오테라퓨틱스 기업부설연구소	0	0	3	3	3	3
20251021	(주)다안바이오테라퓨틱스 기업부설연구소	0	0	3	3	3	3
20251101	(주)다안바이오테라퓨틱스 기업부설연구소	0	0	3	3	3	3
20251111	(주)다안바이오테라퓨틱스 기업부설연구소	0	0	3	3	3	3
20251121	(주)다안바이오테라퓨틱스 기업부설연구소	0	0	3	3	3	3
20251201	(주)다안바이오테라퓨틱스 기업부설연구소	0	0	3	3	3	3
20251211	(주)다안바이오테라퓨틱스 기업부설연구소	0	0	3	3	3	3
20251221	(주)다안바이오테라퓨틱스 기업부설연구소	0	0	3	3	3	3
20260101	(주)다안바이오테라퓨틱스 기업부설연구소	0	0	0	3	0	3
20260111	(주)다안바이오테라퓨틱스 기업부설연구소	0	0	0	3	0	3
20260121	(주)다안바이오테라퓨틱스 기업부설연구소	0	0	0	3	0	3
20260201	(주)다안바이오테라퓨틱스 기업부설연구소	0	0	0	3	0	3
20260211	(주)다안바이오테라퓨틱스 기업부설연구소	0	0	0	3	0	3
20260221	(주)다안바이오테라퓨틱스 기업부설연구소	0	0	0	3	0	3
20260301	(주)다안바이오테라퓨틱스 기업부설연구소	0	0	0	3	0	3
20260311	(주)다안바이오테라퓨틱스 기업부설연구소	0	0	0	3	0	3
20260321	(주)다안바이오테라퓨틱스 기업부설연구소	0	0	0	3	0	3
20260401	(주)다안바이오테라퓨틱스 기업부설연구소	0	0	0	3	0	3
20260404	(주)다안바이오테라퓨틱스 기업부설연구소	0	0	0	2	0	2
20260411	(주)다안바이오테라퓨틱스 기업부설연구소	0	0	0	2	0	2
20260421	(주)다안바이오테라퓨틱스 기업부설연구소	0	0	0	2	0	2
20260501	(주)다안바이오테라퓨틱스 기업부설연구소	0	0	0	2	0	2
20260511	(주)다안바이오테라퓨틱스 기업부설연구소	0	0	0	2	0	2
20260521	(주)다안바이오테라퓨틱스 기업부설연구소	0	0	0	2	0	2
20260601	(주)다안바이오테라퓨틱스 기업부설연구소	0	0	0	2	0	2
20260621	(주)다안바이오테라퓨틱스 기업부설연구소	0	0	0	2	0	2
20260701	(주)다안바이오테라퓨틱스 기업부설연구소	0	0	0	2	0	2
20260711	(주)다안바이오테라퓨틱스 기업부설연구소	0	0	1	3	1	3
20260721	(주)다안바이오테라퓨틱스 기업부설연구소	0	0	1	3	1	3
20260801	(주)다안바이오테라퓨틱스 기업부설연구소	0	0	1	3	1	3
20260811	(주)다안바이오테라퓨틱스 기업부설연구소	0	0	1	3	1	3
20260828	(주)다안바이오테라퓨틱스 기업부설연구소	0	0	1	3	1	3
20260901	(주)다안바이오테라퓨틱스 기업부설연구소	0	0	1	3	1	3
