20230826	(주)우신라보타치 부설연구소	0	0	0	0	0	0
20230904	(주)우신라보타치 부설연구소	0	0	0	0	0	0
20230911	(주)우신라보타치 부설연구소	0	0	0	0	0	0
20230921	(주)우신라보타치 부설연구소	0	0	0	0	0	0
20231001	(주)우신라보타치 부설연구소	0	0	0	0	0	0
20231011	(주)우신라보타치 부설연구소	0	0	0	0	0	0
20231021	(주)우신라보타치 부설연구소	0	0	0	0	0	0
20231101	(주)우신라보타치 부설연구소	0	0	0	0	0	0
20231111	(주)우신라보타치 부설연구소	0	0	0	0	0	0
20231121	(주)우신라보타치 부설연구소	0	0	0	0	0	0
20231201	(주)우신라보타치 부설연구소	0	0	0	0	0	0
20250501	(주)우신라보타치 부설연구소	0	0	0	0	0	0
20250511	(주)우신라보타치 부설연구소	0	0	2	2	2	2
20250521	(주)우신라보타치 부설연구소	0	0	2	2	2	2
20250601	(주)우신라보타치 부설연구소	0	0	2	2	2	2
20250611	(주)우신라보타치 부설연구소	0	0	2	2	2	2
20250621	(주)우신라보타치 부설연구소	0	0	2	2	2	2
20250701	(주)우신라보타치 부설연구소	0	0	2	2	2	2
20250711	(주)우신라보타치 부설연구소	0	0	3	3	3	3
20250721	(주)우신라보타치 부설연구소	0	0	3	3	3	3
20250801	(주)우신라보타치 부설연구소	0	0	3	3	3	3
20250811	(주)우신라보타치 부설연구소	0	0	3	3	3	3
20250821	(주)우신라보타치 부설연구소	0	0	3	3	3	3
20250901	(주)우신라보타치 부설연구소	0	0	3	3	3	3
20250911	(주)우신라보타치 부설연구소	0	0	4	4	4	4
20250921	(주)우신라보타치 부설연구소	1	1	4	4	5	5
20251001	(주)우신라보타치 부설연구소	1	1	4	4	5	5
20251011	(주)우신라보타치 부설연구소	1	1	4	4	5	5
20251021	(주)우신라보타치 부설연구소	1	1	4	4	5	5
20251101	(주)우신라보타치 부설연구소	1	1	4	4	5	5
20251111	(주)우신라보타치 부설연구소	1	1	4	4	5	5
20251121	(주)우신라보타치 부설연구소	1	1	4	4	5	5
20251201	(주)우신라보타치 부설연구소	1	1	4	4	5	5
20251211	(주)우신라보타치 부설연구소	1	1	4	4	5	5
20251221	(주)우신라보타치 부설연구소	1	1	4	4	5	5
20260101	(주)우신라보타치 부설연구소	0	1	0	4	0	5
20260111	(주)우신라보타치 부설연구소	0	1	0	4	0	5
20260121	(주)우신라보타치 부설연구소	0	1	0	4	0	5
20260201	(주)우신라보타치 부설연구소	0	1	0	4	0	5
20260211	(주)우신라보타치 부설연구소	0	1	0	4	0	5
20260221	(주)우신라보타치 부설연구소	0	1	0	4	0	5
20260301	(주)우신라보타치 부설연구소	0	1	0	4	0	5
20260311	(주)우신라보타치 부설연구소	0	1	0	4	0	5
20260321	(주)우신라보타치 부설연구소	0	1	0	4	0	5
20260401	(주)우신라보타치 부설연구소	0	1	0	4	0	5
20260404	(주)우신라보타치 부설연구소	0	1	0	4	0	5
20260411	(주)우신라보타치 부설연구소	0	1	0	4	0	5
20260421	(주)우신라보타치 부설연구소	0	1	0	4	0	5
20260501	(주)우신라보타치 부설연구소	0	1	0	4	0	5
20260511	(주)우신라보타치 부설연구소	0	1	0	4	0	5
20260521	(주)우신라보타치 부설연구소	0	1	2	6	2	7
20260601	(주)우신라보타치 부설연구소	0	1	2	6	2	7
20260621	(주)우신라보타치 부설연구소	0	1	2	6	2	7
20260701	(주)우신라보타치 부설연구소	0	1	2	6	2	7
20260711	(주)우신라보타치 부설연구소	0	1	2	6	2	7
20260721	(주)우신라보타치 부설연구소	0	1	2	6	2	7
20260801	(주)우신라보타치 부설연구소	0	1	2	5	2	6
20260811	(주)우신라보타치 부설연구소	0	1	2	5	2	6
20260828	(주)우신라보타치 부설연구소	0	1	2	5	2	6
20260901	(주)우신라보타치 부설연구소	0	1	2	5	2	6
