20251201	충남대학교 동물의과학연구소	0	0	0	0	0	0
20251211	충남대학교 동물의과학연구소	0	0	0	0	0	0
20251221	충남대학교 동물의과학연구소	0	0	0	0	0	0
20260101	충남대학교 동물의과학연구소	0	0	0	0	0	0
20260111	충남대학교 동물의과학연구소	0	0	0	0	0	0
20260121	충남대학교 동물의과학연구소	0	0	0	0	0	0
20260201	충남대학교 동물의과학연구소	0	0	0	0	0	0
20260211	충남대학교 동물의과학연구소	0	0	0	0	0	0
20260221	충남대학교 동물의과학연구소	0	0	0	0	0	0
20260301	충남대학교 동물의과학연구소	0	0	0	0	0	0
20260311	충남대학교 동물의과학연구소	0	0	0	0	0	0
20260321	충남대학교 동물의과학연구소	0	0	0	0	0	0
20260401	충남대학교 동물의과학연구소	0	0	0	0	0	0
20260404	충남대학교 동물의과학연구소	0	0	0	0	0	0
20260411	충남대학교 동물의과학연구소	0	0	0	0	0	0
20260421	충남대학교 동물의과학연구소	0	0	0	0	0	0
20260501	충남대학교 동물의과학연구소	0	0	0	0	0	0
