20251201	한국프라임제약(주) 중앙연구소	0	0	0	0	0	0
20251211	한국프라임제약(주) 중앙연구소	0	0	0	0	0	0
20251221	한국프라임제약(주) 중앙연구소	0	0	0	0	0	0
20260101	한국프라임제약(주) 중앙연구소	0	0	0	0	0	0
20260111	한국프라임제약(주) 중앙연구소	0	0	0	0	0	0
20260121	한국프라임제약(주) 중앙연구소	0	0	0	0	0	0
20260201	한국프라임제약(주) 중앙연구소	0	0	0	0	0	0
20260211	한국프라임제약(주) 중앙연구소	0	0	0	0	0	0
20260221	한국프라임제약(주) 중앙연구소	0	0	0	0	0	0
20260301	한국프라임제약(주) 중앙연구소	0	0	0	0	0	0
20260311	한국프라임제약(주) 중앙연구소	0	0	0	0	0	0
20260321	한국프라임제약(주) 중앙연구소	0	0	0	0	0	0
20260401	한국프라임제약(주) 중앙연구소	0	0	0	0	0	0
20260404	한국프라임제약(주) 중앙연구소	0	0	0	0	0	0
20260411	한국프라임제약(주) 중앙연구소	0	0	0	0	0	0
20260421	한국프라임제약(주) 중앙연구소	0	0	0	0	0	0
20260501	한국프라임제약(주) 중앙연구소	0	0	0	0	0	0
20260511	한국프라임제약(주) 중앙연구소	0	0	0	0	0	0
20260521	한국프라임제약(주) 중앙연구소	0	0	0	0	0	0
20260601	한국프라임제약(주) 중앙연구소	0	0	0	0	0	0
20260621	한국프라임제약(주) 중앙연구소	0	0	0	0	0	0
20260701	한국프라임제약(주) 중앙연구소	0	0	0	0	0	0
20260711	한국프라임제약(주) 중앙연구소	0	0	0	0	0	0
